Customer,InterArrivalTime,ServiceTime,ArrivalTime,ServiceStartTime,ServiceEndTime,WaitingTime,TimeInSystem
1,3.0922091095385142,5.313350030217687,3.0922091095385142,3.0922091095385142,8.405559139756202,0.0,5.313350030217688
2,4.0613712333727126,2.448057612131059,7.153580342911226,8.405559139756202,10.85361675188726,1.2519787968449752,3.7000364089760343
3,2.598284388971625,3.003542353826646,9.75186473188285,10.85361675188726,13.857159105713906,1.10175202000441,4.105294373831056
4,2.3379460712428894,5.685018485210659,12.08981080312574,13.857159105713906,19.542177590924567,1.7673483025881662,7.452366787798827
5,7.4456528975105645,5.033385723353345,19.535463700636306,19.542177590924567,24.57556331427791,0.006713890288260416,5.040099613641605
6,7.467907670044059,2.1553404497413258,27.003371370680366,27.003371370680366,29.158711820421694,0.0,2.1553404497413275
7,5.3019018513603555,5.281311656994753,32.305273222040725,32.305273222040725,37.58658487903548,0.0,5.2813116569947525
8,7.123672601703228,5.2790146671527705,39.42894582374395,39.42894582374395,44.707960490896724,0.0,5.279014667152772
9,7.126196874008411,3.994796332313985,46.55514269775236,46.55514269775236,50.54993903006634,0.0,3.9947963323139817
10,5.2428880137538165,3.7903694990082166,51.79803071150617,51.79803071150617,55.588400210514386,0.0,3.7903694990082144
11,5.112125525754712,4.9340395159086015,56.910156237260885,56.910156237260885,61.84419575316949,0.0,4.9340395159086015
12,4.396318678165739,5.336308163296838,61.30647491542663,61.84419575316949,67.18050391646632,0.5377208377428602,5.874029001039695
13,7.183630473477931,4.744358165636573,68.49010538890455,68.49010538890455,73.23446355454112,0.0,4.744358165636569
14,4.33177800920977,4.786555701978733,72.82188339811432,73.23446355454112,78.02101925651985,0.4125801564267988,5.199135858405526
15,4.1230013465445285,3.792260666293526,76.94488474465885,78.02101925651985,81.81327992281338,1.0761345118609995,4.868395178154529
16,6.0351979000379865,2.4273241188787855,82.98008264469684,82.98008264469684,85.40740676357562,0.0,2.4273241188787864
17,6.18075077066734,1.985233495815348,89.16083341536418,89.16083341536418,91.14606691117953,0.0,1.9852334958153506
18,1.866106784811083,2.367585648357896,91.02694020017526,91.14606691117953,93.51365255953743,0.11912671100427019,2.4867123593621727
19,2.006431732917001,5.002889067824972,93.03337193309227,93.51365255953743,98.5165416273624,0.48028062644516467,5.483169694270131
20,7.070784516766127,1.678698814234815,100.1041564498584,100.1041564498584,101.78285526409321,0.0,1.6786988142348207
21,4.980346866441705,4.940311198683734,105.0845033163001,105.0845033163001,110.02481451498383,0.0,4.94031119868373
22,6.513000296945943,5.489213327450376,111.59750361324605,111.59750361324605,117.08671694069642,0.0,5.489213327450372
23,7.35536990694171,5.550292219826198,118.95287352018775,118.95287352018775,124.50316574001396,0.0,5.550292219826204
24,3.1389736644308313,4.890647220315536,122.09184718461859,124.50316574001396,129.39381296032948,2.4113185553953684,7.301965775710897
25,3.8575341329472237,1.132577588579215,125.94938131756581,129.39381296032948,130.5263905489087,3.444431642763675,4.577009231342885
26,3.6695629272111967,5.52033322492611,129.618944244777,130.5263905489087,136.0467237738348,0.907446304131696,6.427779529057801
27,1.9041542884294045,5.667726430835673,131.5230985332064,136.0467237738348,141.71445020467047,4.523625240628405,10.191351671464076
28,1.0183810644106623,1.4983801835313661,132.54147959761707,141.71445020467047,143.21283038820184,9.1729706070534,10.671350790584768
29,6.6684815672321776,2.582883612380387,139.20996116484923,143.21283038820184,145.79571400058222,4.002869223352604,6.58575283573299
30,4.302495031302593,2.683559810557477,143.51245619615182,145.79571400058222,148.4792738111397,2.2832578044304057,4.966817614987889
31,1.645237868248447,5.151428813544971,145.15769406440026,148.4792738111397,153.6307026246847,3.3215797467394452,8.473008560284427
32,6.550156149225524,3.868835954267508,151.7078502136258,153.6307026246847,157.49953857895218,1.9228524110588978,5.791688365326394
33,1.2416022421306594,3.899217827995619,152.94945245575644,157.49953857895218,161.3987564069478,4.55008612319574,8.449303951191354
34,3.587400150781415,3.7473998096355507,156.53685260653785,161.3987564069478,165.14615621658334,4.861903800409948,8.609303610045487
35,4.992813891579761,1.7723887827629277,161.52966649811762,165.14615621658334,166.91854499934627,3.616489718465715,5.388878501228646
36,5.52056667904058,1.1170451761047313,167.0502331771582,167.0502331771582,168.16727835326293,0.0,1.1170451761047389
37,1.0583416870979123,5.010745587038244,168.1085748642561,168.16727835326293,173.17802394030116,0.05870348900683098,5.069449076045061
38,4.923323429061249,5.586913489140727,173.03189829331734,173.17802394030116,178.7649374294419,0.14612564698381902,5.733039136124546
39,1.0796544436874442,4.404439480627426,174.11155273700479,178.7649374294419,183.1693769100693,4.6533846924371005,9.057824173064517
40,7.920522427990372,5.0512591727527685,182.03207516499515,183.1693769100693,188.22063608282207,1.1373017450741543,6.188560917826919
41,7.131167777897675,3.9912893669844562,189.16324294289282,189.16324294289282,193.15453230987728,0.0,3.9912893669844607
42,3.786117839252354,5.003034402280831,192.94936078214516,193.15453230987728,198.15756671215811,0.20517152773211933,5.2082059300129515
43,4.746680902691011,2.4037636138608884,197.6960416848362,198.15756671215811,200.561330326019,0.461525027321926,2.865288641182815
44,1.4226076282124174,4.046979386722945,199.1186493130486,200.561330326019,204.60830971274194,1.4426810129704108,5.489660399693349
45,4.72629152964458,1.7767120425116247,203.84494084269318,204.60830971274194,206.38502175525358,0.7633688700487653,2.5400809125603985
46,7.6626546579591395,3.72427792383672,211.50759550065231,211.50759550065231,215.23187342448904,0.0,3.7242779238367234
47,1.614787116368648,4.423350410177914,213.12238261702097,215.23187342448904,219.65522383466694,2.109490807468063,6.5328412176459665
48,5.047982169609459,1.531628075277848,218.17036478663044,219.65522383466694,221.18685190994478,1.4848590480364976,3.0164871233143344
49,7.14909913134624,4.105763281169649,225.3194639179767,225.3194639179767,229.42522719914635,0.0,4.105763281169658
50,3.70612356438724,1.0280892080442547,229.02558748236393,229.42522719914635,230.4533164071906,0.39963971678241705,1.4277289248266811
51,1.4634732968338042,3.6009509448591315,230.48906077919773,230.48906077919773,234.09001172405686,0.0,3.600950944859136
52,7.767156155988878,5.97527405881834,238.25621693518661,238.25621693518661,244.23149099400496,0.0,5.975274058818343
53,3.7165941369102238,3.423639930528596,241.97281107209685,244.23149099400496,247.65513092453355,2.2586799219081115,5.682319852436706
54,4.612357315041439,5.798234674316521,246.58516838713828,247.65513092453355,253.45336559885007,1.06996253739527,6.868197211711788
55,4.143129592182433,1.7283335606111319,250.7282979793207,253.45336559885007,255.1816991594612,2.7250676195293693,4.453401180140503
56,5.714772178068724,1.9074542809352049,256.4430701573894,256.4430701573894,258.3505244383246,0.0,1.9074542809352124
57,5.760560116570146,5.468241553872388,262.20363027395956,262.20363027395956,267.6718718278319,0.0,5.46824155387236
58,2.6833690088132185,1.088415596218257,264.88699928277276,267.6718718278319,268.7602874240502,2.7848725450591587,3.873288141277442
59,7.9710321949456455,2.513877385687298,272.8580314777184,272.8580314777184,275.3719088634057,0.0,2.5138773856872945
60,6.632621402510527,3.9270499264882326,279.49065288022894,279.49065288022894,283.41770280671716,0.0,3.9270499264882233
61,7.7988867082643685,2.033771747048238,287.2895395884933,287.2895395884933,289.3233113355416,0.0,2.033771747048263
62,6.67052158735513,2.60754043105164,293.96006117584847,293.96006117584847,296.5676016069001,0.0,2.607540431051632
63,5.219029028256872,1.97261793777587,299.17909020410536,299.17909020410536,301.1517081418812,0.0,1.9726179377758513
64,2.7899380389353454,2.31353938190929,301.9690282430407,301.9690282430407,304.28256762495,0.0,2.3135393819092656
65,7.393093986726371,2.7021354034777403,309.3621222297671,309.3621222297671,312.0642576332449,0.0,2.7021354034777687
66,6.787278939516736,5.628839266437224,316.14940116928386,316.14940116928386,321.7782404357211,0.0,5.6288392664372395
67,4.826742447349937,2.2192934967955744,320.9761436166338,321.7782404357211,323.99753393251666,0.8020968190872964,3.0213903158828543
68,5.492959445812446,3.781655520022471,326.46910306244627,326.46910306244627,330.25075858246873,0.0,3.7816555200224684
69,3.875833061667592,4.376311818065446,330.3449361241139,330.3449361241139,334.72124794217933,0.0,4.37631181806546
70,5.229557202188229,2.577077021349904,335.5744933263021,335.5744933263021,338.151570347652,0.0,2.5770770213499077
71,2.925174983953577,3.2442298893694557,338.4996683102557,338.4996683102557,341.74389819962516,0.0,3.2442298893694783
72,3.6049472867047787,1.9920327369542155,342.10461559696046,342.10461559696046,344.0966483339147,0.0,1.9920327369542292
73,2.5050355222721143,2.9158769068410426,344.6096511192326,344.6096511192326,347.52552802607363,0.0,2.9158769068410493
74,6.0138523226072245,4.193311694926059,350.62350344183983,350.62350344183983,354.8168151367659,0.0,4.193311694926081
75,6.325445758359592,5.3557024206955965,356.9489492001994,356.9489492001994,362.304651620895,0.0,5.355702420695593
76,3.0207556693283903,3.845444993795086,359.9697048695278,362.304651620895,366.1500966146901,2.3349467513672266,6.1803917451622965
77,6.5266119208655455,2.778725069331417,366.49631679039334,366.49631679039334,369.27504185972475,0.0,2.778725069331415
78,3.063598164599682,3.4697373127101114,369.559914954993,369.559914954993,373.0296522677031,0.0,3.4697373127100946
79,3.543578420367824,3.7649822476366155,373.10349337536087,373.10349337536087,376.8684756229975,0.0,3.764982247636624
80,4.471669695253626,5.408659433930179,377.5751630706145,377.5751630706145,382.98382250454466,0.0,5.408659433930154
81,5.043776325280792,4.0903441214631835,382.6189393958953,382.98382250454466,387.07416662600787,0.3648831086493374,4.455227230112541
82,5.746344626264805,5.007103333764235,388.36528402216015,388.36528402216015,393.3723873559244,0.0,5.007103333764235
83,3.667358949317588,3.3724539094730335,392.03264297147774,393.3723873559244,396.74484126539744,1.3397443844466466,4.712198293919698
84,1.2763462477078078,1.611991858840955,393.30898921918555,396.74484126539744,398.3568331242384,3.4358520462118918,5.047843905052844
85,2.524999979426781,4.693714742581836,395.83398919861236,398.3568331242384,403.05054786682024,2.5228439256260344,7.216558668207881
86,7.71612132113779,2.217750666637683,403.55011051975015,403.55011051975015,405.76786118638785,0.0,2.2177506666376985
87,4.291184419530263,4.49652595377936,407.84129493928043,407.84129493928043,412.3378208930598,0.0,4.496525953779383
88,1.1087276789178486,4.620819677404528,408.95002261819826,412.3378208930598,416.95864057046435,3.3877982748615523,8.008617952266093
89,1.6754969256364052,1.4506498356867472,410.6255195438347,416.95864057046435,418.4092904061511,6.333121026629669,7.78377086231643
90,6.153232367816519,4.487379589691877,416.7787519116512,418.4092904061511,422.896669995843,1.6305384944998877,6.1179180841917855
91,6.602212531552197,2.258243437211499,423.3809644432034,423.3809644432034,425.6392078804149,0.0,2.2582434372114903
92,3.5410284596273396,2.3850621100626697,426.92199290283077,426.92199290283077,429.30705501289344,0.0,2.3850621100626768
93,7.913488776196064,1.9883805859290766,434.8354816790268,434.8354816790268,436.8238622649559,0.0,1.9883805859290646
94,3.318186760610897,2.9094062020141616,438.1536684396377,438.1536684396377,441.0630746416519,0.0,2.9094062020141678
95,4.348732295581314,3.6382826376047848,442.50240073521906,442.50240073521906,446.14068337282384,0.0,3.6382826376047888
96,1.362397536922694,2.1552930225688955,443.86479827214174,446.14068337282384,448.29597639539276,2.2758851006821033,4.431178123251016
97,4.750563325269033,5.417466616335079,448.61536159741075,448.61536159741075,454.03282821374586,0.0,5.417466616335105
98,3.0620880257453043,1.763734746541596,451.67744962315606,454.03282821374586,455.7965629602875,2.355378590589794,4.1191133371314095
99,3.2850791397468013,4.570852071362749,454.9625287629029,455.7965629602875,460.36741503165024,0.8340341973845966,5.4048862687473616
100,1.349120401093378,5.343487212829737,456.31164916399626,460.36741503165024,465.71090224448,4.0557658676539745,9.399253080483732
101,5.839706283607602,1.5424001053479417,462.15135544760386,465.71090224448,467.25330234982795,3.559546796876134,5.1019469022240855
102,2.5374941577592343,2.693607525054887,464.6888496053631,467.25330234982795,469.94690987488286,2.564452744464859,5.258060269519774
103,6.506061946171287,1.8741163916683887,471.1949115515344,471.1949115515344,473.0690279432028,0.0,1.8741163916683945
104,1.7752264124222905,3.476194905054696,472.9701379639567,473.0690279432028,476.5452228482575,0.09888997924610976,3.575084884300793
105,5.009342225261373,4.073964732274354,477.97948018921807,477.97948018921807,482.0534449214924,0.0,4.073964732274362
106,1.6888872386258957,5.694405050840838,479.668367427844,482.0534449214924,487.74784997233326,2.3850774936484527,8.07948254448928
107,1.2990305228081613,2.752626644245094,480.9673979506521,487.74784997233326,490.50047661657834,6.780452021681128,9.533078665926212
108,5.010308101659567,1.8190066529106488,485.9777060523117,490.50047661657834,492.319483269489,4.5227705642666365,6.3417772171773095
109,3.5615448336042586,4.1077872384815475,489.539250885916,492.319483269489,496.42727050797055,2.7802323835730363,6.888019622054571
110,2.5170861410128293,3.404930158576163,492.0563370269288,496.42727050797055,499.8322006665467,4.370933481041732,7.77586363961791
111,2.3415889132434176,2.2023700172515173,494.39792594017223,499.8322006665467,502.0345706837982,5.434274726374497,7.636644743625993
112,4.228685467913026,5.704284709025581,498.62661140808524,502.0345706837982,507.7388553928238,3.407959275712983,9.11224398473854
113,2.076401586734506,1.005611138172235,500.70301299481974,507.7388553928238,508.744466530996,7.035842398004036,8.041453536176277
114,1.053776275855752,2.762415094704581,501.7567892706755,508.744466530996,511.5068816257006,6.987677260320538,9.750092355025117
115,1.0914047570642997,4.723808012707893,502.8481940277398,511.5068816257006,516.2306896384085,8.658687597960807,13.382495610668741
116,1.8557121704618007,2.4715286791098183,504.7039061982016,516.2306896384085,518.7022183175184,11.526783440206941,13.998312119316779
117,7.208927916481663,5.830644118199626,511.9128341146833,518.7022183175184,524.532862435718,6.789384202835095,12.620028321034738
118,3.4568909145504194,5.335360742398643,515.3697250292337,524.532862435718,529.8682231781166,9.163137406484338,14.498498148882959
119,3.8047228439950094,3.329090883618639,519.1744478732287,529.8682231781166,533.1973140617353,10.693775304887936,14.022866188506555
120,3.1642511247547733,2.9580465336791186,522.3386989979834,533.1973140617353,536.1553605954143,10.858615063751813,13.81666159743088
121,2.6499067941539654,5.613009009649768,524.9886057921374,536.1553605954143,541.7683696050641,11.166754803276945,16.779763812926717
122,7.840091514565483,5.100690963214001,532.8286973067029,541.7683696050641,546.8690605682781,8.939672298361188,14.04036326157518
123,3.1573124335151705,1.1869003044516049,535.986009740218,546.8690605682781,548.0559608727297,10.88305082806005,12.069951132511619
124,6.7529111451900325,3.9688919920786345,542.7389208854081,548.0559608727297,552.0248528648083,5.31703998732155,9.285931979400175
125,1.38049031072583,4.869272345486837,544.1194111961339,552.0248528648083,556.8941252102951,7.905441668674371,12.77471401416119
126,1.4084333149912767,2.7723198874874906,545.5278445111252,556.8941252102951,559.6664450977826,11.36628069916992,14.13860058665739
127,6.391431337420692,5.086620373538689,551.9192758485459,559.6664450977826,564.7530654713213,7.747169249236663,12.833789622775384
128,6.953278108595109,5.6110801172731435,558.872553957141,564.7530654713213,570.3641455885944,5.880511514180284,11.491591631453389
129,3.236454112579256,1.8526985276118397,562.1090080697203,570.3641455885944,572.2168441162063,8.255137518874108,10.107836046486
130,7.193623831158231,3.6013147663751957,569.3026319008785,572.2168441162063,575.8181588825814,2.9142122153277796,6.515526981702919
131,1.4543873115164818,3.1780861706827777,570.757019212395,575.8181588825814,578.9962450532643,5.061139670186435,8.239225840869267
132,4.321318504049241,4.443797229976306,575.0783377164443,578.9962450532643,583.4400422832406,3.917907336820008,8.361704566796334
133,2.65476975784347,2.7839705539319533,577.7331074742877,583.4400422832406,586.2240128371725,5.706934808952838,8.490905362884746
134,6.746749432767809,2.9634756572429195,584.4798569070556,586.2240128371725,589.1874884944154,1.7441559301169036,4.707631587359856
135,4.015851889260435,2.53416710287968,588.4957087963161,589.1874884944154,591.7216555972951,0.6917796980993671,3.2259468009790453
136,2.2090482850311712,1.421309005181381,590.7047570813472,591.7216555972951,593.1429646024765,1.0168985159479007,2.438207521129243
137,6.8019418829374665,2.164597994067282,597.5066989642847,597.5066989642847,599.6712969583521,0.0,2.1645979940673215
138,4.912190883103953,1.5367594877996633,602.4188898473886,602.4188898473886,603.9556493351884,0.0,1.5367594877997135
139,1.2823406762944125,5.859143860127009,603.7012305236831,603.9556493351884,609.8147931953154,0.2544188115052748,6.11356267163228
140,7.076493761839912,4.575711579278778,610.7777242855229,610.7777242855229,615.3534358648017,0.0,4.575711579278732
141,4.1698583978893975,2.909995333229582,614.9475826834123,615.3534358648017,618.2634311980313,0.4058531813893751,3.315848514619006
142,1.7649362371810353,1.4098823609731561,616.7125189205933,618.2634311980313,619.6733135590044,1.5509122774379875,2.96079463841113
143,4.717640509469813,5.204110295293926,621.4301594300631,621.4301594300631,626.6342697253571,0.0,5.204110295293958
144,6.017100350398859,1.329991107346193,627.447259780462,627.447259780462,628.7772508878082,0.0,1.3299911073462454
145,7.407092759015413,2.305671251712561,634.8543525394774,634.8543525394774,637.1600237911899,0.0,2.3056712517125106
146,7.056991917357583,2.6025080515531793,641.911344456835,641.911344456835,644.5138525083881,0.0,2.6025080515531727
147,7.113245378301805,2.136165503940295,649.0245898351368,649.0245898351368,651.1607553390771,0.0,2.136165503940333
148,2.2163574262212147,5.28525313053999,651.240947261358,651.240947261358,656.526200391898,0.0,5.2852531305400134
149,1.5575698553221011,1.8439043003951947,652.79851711668,656.526200391898,658.3701046922931,3.7276832752179416,5.57158757561308
150,4.356238900683994,3.565785459921424,657.1547560173641,658.3701046922931,661.9358901522146,1.2153486749290323,4.781134134850504
151,6.575860748257004,2.5482082926562146,663.7306167656211,663.7306167656211,666.2788250582773,0.0,2.548208292656227
152,1.2016467345597204,2.5003051897994406,664.9322635001809,666.2788250582773,668.7791302480767,1.3465615580964823,3.846866747895888
153,3.234407590662519,1.3519363400427284,668.1666710908434,668.7791302480767,670.1310665881194,0.6124591572333884,1.9643954972760866
154,4.415835730730945,1.5501672935229514,672.5825068215743,672.5825068215743,674.1326741150972,0.0,1.550167293522918
155,5.028367464299666,5.901145798899765,677.6108742858739,677.6108742858739,683.5120200847737,0.0,5.901145798899734
156,5.293371699400634,1.7255221436104846,682.9042459852745,683.5120200847737,685.2375422283842,0.6077740994991245,2.3332962431096576
157,1.5192962973934476,5.994350730042897,684.423542282668,685.2375422283842,691.2318929584271,0.8139999457162048,6.8083506757591294
158,5.882774679157558,4.9621129907583805,690.3063169618256,691.2318929584271,696.1940059491855,0.9255759966015376,5.887688987359866
159,7.401429409576795,5.143076254658149,697.7077463714024,697.7077463714024,702.8508226260606,0.0,5.143076254658126
160,7.858774250653926,3.9745908279027673,705.5665206220564,705.5665206220564,709.5411114499591,0.0,3.9745908279027162
161,2.6786420161820867,3.1993665393278428,708.2451626382384,709.5411114499591,712.7404779892869,1.2959488117206774,4.495315351048475
162,4.023559611199486,4.1945916246311725,712.2687222494379,712.7404779892869,716.935069613918,0.4717557398489589,4.666347364480089
163,7.370246819294762,2.901700901462707,719.6389690687326,719.6389690687326,722.5406699701954,0.0,2.901700901462732
164,5.214537927928034,1.4213746915460392,724.8535069966607,724.8535069966607,726.2748816882067,0.0,1.4213746915460206
165,4.86146761916841,4.981465937211817,729.7149746158291,729.7149746158291,734.6964405530409,0.0,4.981465937211851
166,1.4261533193349578,3.5846557786413147,731.141127935164,734.6964405530409,738.2810963316822,3.5553126178768935,7.139968396518157
167,3.089596232245647,5.299959218431363,734.2307241674097,738.2810963316822,743.5810555501135,4.050372164272517,9.350331382703871
168,1.4193128718825974,3.869147678079873,735.6500370392923,743.5810555501135,747.4502032281935,7.931018510821218,11.80016618890113
169,7.9582587561041525,3.7634850140501186,743.6082957953964,747.4502032281935,751.2136882422436,3.8419074327970293,7.6053924468471905
170,6.597107644324184,1.000586094897106,750.2054034397206,751.2136882422436,752.2142743371408,1.0082848025230078,2.008870897420138
171,6.958948650312473,5.733165424535032,757.164352090033,757.164352090033,762.8975175145681,0.0,5.733165424535059
172,7.505352690584779,3.160017029196525,764.6697047806178,764.6697047806178,767.8297218098144,0.0,3.160017029196524
173,2.2411869628829812,1.8044986818677806,766.9108917435009,767.8297218098144,769.6342204916822,0.9188300663134896,2.723328748181302
174,4.578209113193983,3.829680576960288,771.4891008566949,771.4891008566949,775.3187814336552,0.0,3.8296805769602997
175,1.2943145128301894,2.3334618647945677,772.7834153695251,775.3187814336552,777.6522432984498,2.5353660641301303,4.868827928924702
176,1.7652360099651538,2.821638954614997,774.5486513794903,777.6522432984498,780.4738822530647,3.1035919189595234,5.925230873574492
177,4.883923907638149,1.819786669655918,779.4325752871284,780.4738822530647,782.2936689227207,1.0413069659363146,2.861093635592283
178,7.523071350710433,3.97008148998367,786.9556466378389,786.9556466378389,790.9257281278226,0.0,3.970081489983727
179,4.386456067892722,1.651505120914726,791.3421027057316,791.3421027057316,792.9936078266463,0.0,1.6515051209147487
180,7.6080817942586405,5.173656799579214,798.9501844999902,798.9501844999902,804.1238412995694,0.0,5.173656799579248
181,2.570616312120902,1.1185727263646958,801.5208008121111,804.1238412995694,805.2424140259342,2.6030404874583155,3.7216132138230478
182,4.544954774716084,4.11193596924557,806.0657555868272,806.0657555868272,810.1776915560728,0.0,4.111935969245565
183,5.991225893536339,4.5830913608325545,812.0569814803636,812.0569814803636,816.6400728411961,0.0,4.5830913608325545
184,7.668268812675727,3.615891570567917,819.7252502930393,819.7252502930393,823.3411418636072,0.0,3.6158915705678965
185,2.2583756847385312,2.5046574503326693,821.9836259777778,823.3411418636072,825.8457993139398,1.3575158858293435,3.862173336161959
186,5.766989389285927,4.022050268959081,827.7506153670638,827.7506153670638,831.7726656360229,0.0,4.022050268959106
187,6.959030374009428,2.6273285873684245,834.7096457410732,834.7096457410732,837.3369743284417,0.0,2.6273285873684245
188,4.844104778348069,4.230823525002037,839.5537505194213,839.5537505194213,843.7845740444234,0.0,4.230823525002052
189,6.649575045452847,4.8292754298103375,846.2033255648741,846.2033255648741,851.0326009946845,0.0,4.829275429810309
190,6.137364288060441,1.5351348607449324,852.3406898529346,852.3406898529346,853.8758247136795,0.0,1.5351348607449609
191,4.825055951738778,4.896241871293428,857.1657458046734,857.1657458046734,862.0619876759669,0.0,4.896241871293455
192,3.448812963105455,2.4395090744464687,860.6145587677788,862.0619876759669,864.5014967504134,1.4474289081880443,3.8869379826345494
193,7.4380094974877435,3.1230877394079277,868.0525682652666,868.0525682652666,871.1756560046745,0.0,3.123087739407879
194,4.790920968430467,4.586131736181741,872.843489233697,872.843489233697,877.4296209698788,0.0,4.5861317361817555
195,6.2336938240372985,3.715680471332284,879.0771830577344,879.0771830577344,882.7928635290666,0.0,3.7156804713322344
196,6.00909044888207,5.641029762527903,885.0862735066164,885.0862735066164,890.7273032691443,0.0,5.6410297625278645
197,2.6927552509502597,1.7976004325860848,887.7790287575667,890.7273032691443,892.5249037017304,2.9482745115775515,4.745874944163688
198,7.398647220842079,5.504954939910736,895.1776759784088,895.1776759784088,900.6826309183195,0.0,5.504954939910704
199,5.900238338655117,5.70893203643013,901.0779143170639,901.0779143170639,906.7868463534941,0.0,5.708932036430156
200,3.7278783192704448,1.7116914177788418,904.8057926363343,906.7868463534941,908.4985377712729,1.9810537171597389,3.6927451349386047
201,1.3080054162067956,1.3888864263231107,906.1137980525411,908.4985377712729,909.887424197596,2.384739718731794,3.773626145054891
202,4.166293913059889,3.415417372611487,910.2800919656011,910.2800919656011,913.6955093382126,0.0,3.4154173726115005
203,4.240532257471331,3.4634688190122405,914.5206242230724,914.5206242230724,917.9840930420847,0.0,3.4634688190122915
204,5.136857832991582,5.826855140507675,919.657482056064,919.657482056064,925.4843371965717,0.0,5.826855140507632
205,7.57169206293424,2.192544474018456,927.2291741189983,927.2291741189983,929.4217185930167,0.0,2.192544474018405
206,4.40532206706251,3.699142762465814,931.6344961860608,931.6344961860608,935.3336389485266,0.0,3.69914276246584
207,6.060548876313767,3.015882425793909,937.6950450623746,937.6950450623746,940.7109274881685,0.0,3.0158824257939614
208,1.7274460645924128,3.5899425704954906,939.422491126967,940.7109274881685,944.300870058664,1.2884363612015477,4.878378931697057
209,4.1997587678119395,1.6977566875299435,943.6222498947789,944.300870058664,945.998626746194,0.6786201638851708,2.3763768514151025
210,1.243851588907824,1.7875158596838023,944.8661014836866,945.998626746194,947.7861426058778,1.132525262507329,2.920041122191151
211,6.7443529625629015,4.685383128851809,951.6104544462495,951.6104544462495,956.2958375751012,0.0,4.685383128851754
212,5.366261688356047,5.183876833449725,956.9767161346056,956.9767161346056,962.1605929680553,0.0,5.1838768334497445
213,1.8565761777979026,5.786011387462128,958.8332923124035,962.1605929680553,967.9466043555175,3.327300655651811,9.113312043113979
214,7.480110955099549,5.346299206806795,966.3134032675031,967.9466043555175,973.2929035623242,1.6332010880144026,6.97950029482115
215,1.0287288713685516,5.482622727518873,967.3421321388716,973.2929035623242,978.7755262898431,5.950771423452579,11.43339415097148
216,5.685074981410437,4.3997657198636695,973.0272071202821,978.7755262898431,983.1752920097068,5.748319169561,10.148084889424695
217,5.498457405906674,5.528890970639373,978.5256645261888,983.1752920097068,988.7041829803462,4.649627483517975,10.17851845415737
218,3.039196236744664,4.390159482410716,981.5648607629336,988.7041829803462,993.0943424627569,7.139322217412655,11.52948169982335
219,7.690087409733925,5.954874853549275,989.2549481726675,993.0943424627569,999.0492173163062,3.8393942900894444,9.794269143638758
220,5.815633915837472,2.5350901922842706,995.0705820885049,999.0492173163062,1001.5843075085905,3.9786352278013055,6.5137254200856205
221,4.888839706520757,5.228411556090869,999.9594217950257,1001.5843075085905,1006.8127190646815,1.6248857135648223,6.853297269655741
222,6.3065578106120865,1.2898614320740245,1006.2659796056378,1006.8127190646815,1008.1025804967555,0.5467394590436925,1.8366008911177687
223,4.969045489261587,1.3566884226497125,1011.2350250948994,1011.2350250948994,1012.5917135175491,0.0,1.3566884226497677
224,5.406207329472798,3.577045774564883,1016.6412324243721,1016.6412324243721,1020.218278198937,0.0,3.5770457745649082
225,7.183592745377377,5.821807857147775,1023.8248251697495,1023.8248251697495,1029.6466330268972,0.0,5.821807857147746
226,7.1911404183027745,2.707148404913476,1031.0159655880523,1031.0159655880523,1033.7231139929656,0.0,2.7071484049133687
227,3.956195649117868,4.546902629671811,1034.9721612371702,1034.9721612371702,1039.519063866842,0.0,4.546902629671877
228,5.501257067956529,3.8570822212191938,1040.4734183051266,1040.4734183051266,1044.3305005263458,0.0,3.857082221219116
229,4.377941421444761,5.5727877222578845,1044.8513597265714,1044.8513597265714,1050.4241474488292,0.0,5.572787722257772
230,6.642264659413136,5.924990058467912,1051.4936243859845,1051.4936243859845,1057.4186144444525,0.0,5.9249900584679835
231,4.062599330050022,2.91921013734101,1055.5562237160345,1057.4186144444525,1060.3378245817935,1.8623907284179495,4.781600865758946
232,1.294638580015208,1.235114584640927,1056.8508622960499,1060.3378245817935,1061.5729391664345,3.4869622857436298,4.722076870384626
233,5.140933515644937,3.8591639110825544,1061.9917958116948,1061.9917958116948,1065.8509597227774,0.0,3.8591639110825326
234,5.191866425909249,4.89372770588764,1067.183662237604,1067.183662237604,1072.0773899434917,0.0,4.893727705887613
235,5.55014766916978,4.288678452501572,1072.7338099067738,1072.7338099067738,1077.0224883592753,0.0,4.288678452501472
236,1.3787033587276463,4.593412567838224,1074.1125132655013,1077.0224883592753,1081.6159009271134,2.9099750937739373,7.503387661612123
237,3.7694638728217233,2.6511365366674684,1077.881977138323,1081.6159009271134,1084.267037463781,3.7339237887904346,6.385060325457971
238,3.8466512957995738,4.684980094708372,1081.7286284341226,1084.267037463781,1088.9520175584894,2.5384090296583963,7.223389124366804
239,6.92707346681128,1.3063871222599706,1088.6557019009338,1088.9520175584894,1090.2584046807494,0.29631565755562406,1.6027027798156723
240,6.742675330073372,4.721026648456272,1095.398377231007,1095.398377231007,1100.1194038794633,0.0,4.721026648456245
241,4.02645701992599,2.3883837248395956,1099.4248342509331,1100.1194038794633,1102.5077876043028,0.6945696285301892,3.082953353369703
242,4.165782055133788,3.2070110788336184,1103.590616306067,1103.590616306067,1106.7976273849006,0.0,3.2070110788336024
243,5.606844253194165,2.7376495678555526,1109.1974605592611,1109.1974605592611,1111.9351101271166,0.0,2.737649567855442
244,7.546314327112354,3.138006400914303,1116.7437748863736,1116.7437748863736,1119.8817812872878,0.0,3.1380064009142643
245,5.582768992806953,4.013010939307367,1122.3265438791805,1122.3265438791805,1126.3395548184878,0.0,4.013010939307378
246,3.02880515451361,3.474670504609691,1125.355349033694,1126.3395548184878,1129.8142253230976,0.9842057847938577,4.458876289403634
247,7.246398669435901,2.448707838930569,1132.6017477031298,1132.6017477031298,1135.0504555420605,0.0,2.448707838930659
248,4.212358747613226,1.0684008916451813,1136.814106450743,1136.814106450743,1137.8825073423882,0.0,1.0684008916450694
249,6.3885603848441965,2.86075400625056,1143.2026668355873,1143.2026668355873,1146.0634208418378,0.0,2.860754006250545
250,7.158553591491993,2.850242300916969,1150.3612204270792,1150.3612204270792,1153.2114627279961,0.0,2.850242300916989
251,7.617785130788037,2.322315664421589,1157.9790055578671,1157.9790055578671,1160.3013212222888,0.0,2.3223156644216942
252,4.459414372169327,2.307179975800263,1162.4384199300364,1162.4384199300364,1164.7455999058366,0.0,2.3071799758001816
253,3.96902324935167,1.0911401370628984,1166.407443179388,1166.407443179388,1167.498583316451,0.0,1.0911401370628937
254,4.020663417693918,4.981173735898199,1170.428106597082,1170.428106597082,1175.4092803329802,0.0,4.98117373589821
255,6.233549573079344,5.720206978804169,1176.6616561701612,1176.6616561701612,1182.3818631489653,0.0,5.720206978804072
256,3.691664648163687,4.335862958857435,1180.3533208183248,1182.3818631489653,1186.7177261078227,2.028542330640448,6.364405289497881
257,4.502063731012288,1.550174447458276,1184.855384549337,1186.7177261078227,1188.267900555281,1.8623415584856957,3.4125160059438713
258,7.246307688170333,5.48664087078679,1192.1016922375075,1192.1016922375075,1197.5883331082941,0.0,5.486640870786687
259,5.8407561169142435,3.989461891903218,1197.9424483544217,1197.9424483544217,1201.9319102463248,0.0,3.9894618919031473
260,1.8435008977962906,1.2961359650939928,1199.785949252218,1201.9319102463248,1203.2280462114188,2.145960994106872,3.4420969592008532
261,6.901523903990009,5.77477544241634,1206.687473156208,1206.687473156208,1212.4622485986242,0.0,5.774775442416285
262,1.861453552446256,5.062135113001052,1208.548926708654,1212.4622485986242,1217.5243837116252,3.9133218899701205,8.975457002971098
263,6.013365688940691,3.0850227030498045,1214.5622923975948,1217.5243837116252,1220.609406414675,2.962091314030431,6.0471140170802755
264,5.274215840813654,1.257553285358404,1219.8365082384084,1220.609406414675,1221.8669597000335,0.7728981762666081,2.0304514616250344
265,4.476489789841384,4.039394591107499,1224.31299802825,1224.31299802825,1228.3523926193575,0.0,4.039394591107566
266,2.6459656003210976,1.2813706690827051,1226.958963628571,1228.3523926193575,1229.6337632884402,1.3934289907865605,2.6747996598692225
267,2.91311262934225,2.6361738488774114,1229.8720762579132,1229.8720762579132,1232.5082501067907,0.0,2.6361738488774336
268,1.3191357203805527,2.2533610210787787,1231.1912119782937,1232.5082501067907,1234.7616111278694,1.3170381284969608,3.570399149575678
269,7.0639925064043565,4.177019572398549,1238.255204484698,1238.255204484698,1242.4322240570966,0.0,4.177019572398649
270,2.943336785882119,1.6152382846150917,1241.19854127058,1242.4322240570966,1244.0474623417117,1.2336827865165105,2.848921071131599
271,1.924212688413621,1.8509530783913437,1243.1227539589938,1244.0474623417117,1245.898415420103,0.9247083827178812,2.7756614611091663
272,6.137190550858964,5.807775385957568,1249.2599445098529,1249.2599445098529,1255.0677198958103,0.0,5.807775385957484
273,4.622758744247869,2.245408287184966,1253.8827032541008,1255.0677198958103,1257.3131281829953,1.1850166417095807,3.430424928894581
274,1.5759623891377104,3.3094221326393805,1255.4586656432384,1257.3131281829953,1260.6225503156347,1.8544625397569234,5.163884672396307
275,3.7698749074116886,5.34569764370603,1259.22854055065,1260.6225503156347,1265.9682479593407,1.3940097649847303,6.73970740869072
276,3.9337092926472605,2.8812344177459366,1263.1622498432973,1265.9682479593407,1268.8494823770866,2.8059981160433836,5.687232533789256
277,1.5364735147454311,2.5682166038422225,1264.6987233580428,1268.8494823770866,1271.417698980929,4.1507590190437895,6.7189756228860915
278,4.653665165778734,5.564211323174196,1269.3523885238214,1271.417698980929,1276.9819103041032,2.0653104571074437,7.629521780281721
279,4.137821325844998,4.853654537016567,1273.4902098496664,1276.9819103041032,1281.8355648411198,3.4917004544367956,8.345354991453405
280,2.8978769435929284,5.53267108185183,1276.3880867932594,1281.8355648411198,1287.3682359229715,5.447478047860386,10.980149129712117
281,7.624794493764435,5.186232200798928,1284.012881287024,1287.3682359229715,1292.5544681237704,3.355354635947606,8.541586836746546
282,5.039475170933196,2.741628656061276,1289.052356457957,1292.5544681237704,1295.2960967798317,3.502111665813345,6.243740321874611
283,5.225462833543809,4.413635345939772,1294.277819291501,1295.2960967798317,1299.7097321257716,1.0182774883307957,5.4319128342706335
284,3.7095212170358973,4.497550250374663,1297.9873405085368,1299.7097321257716,1304.2072823761462,1.7223916172347344,6.21994186760935
285,7.030784004105541,4.5003746767874,1305.0181245126423,1305.0181245126423,1309.5184991894298,0.0,4.500374676787487
286,6.990869032970619,3.8784636838290876,1312.0089935456128,1312.0089935456128,1315.887457229442,0.0,3.878463683829068
287,6.536668395736896,1.0288300920121358,1318.5456619413496,1318.5456619413496,1319.5744920333618,0.0,1.0288300920121856
288,1.134864201754236,3.3750931971193134,1319.6805261431039,1319.6805261431039,1323.055619340223,0.0,3.375093197119213
289,6.876674022619061,2.9245328468204277,1326.5572001657229,1326.5572001657229,1329.4817330125434,0.0,2.9245328468205116
290,1.794056245847007,1.6872434046864302,1328.35125641157,1329.4817330125434,1331.1689764172297,1.1304766009734522,2.817720005659794
291,1.9940347048179108,4.002168429101511,1330.345291116388,1331.1689764172297,1335.1711448463311,0.8236853008418166,4.825853729943219
292,6.477076771558659,5.76051905324181,1336.8223678879465,1336.8223678879465,1342.5828869411882,0.0,5.760519053241751
293,5.31794070272231,4.66844068366281,1342.1403085906688,1342.5828869411882,1347.251327624851,0.44257835051939765,5.1110190341821635
294,7.81738799053573,3.5872911932785914,1349.9576965812046,1349.9576965812046,1353.5449877744832,0.0,3.5872911932785883
295,3.3511769389904655,4.36117407791804,1353.308873520195,1353.5449877744832,1357.9061618524013,0.236114254288168,4.59728833220629
296,1.1235049254449945,4.360225222245192,1354.43237844564,1357.9061618524013,1362.2663870746464,3.4737834067611857,7.834008629006348
297,2.453774935153825,4.49349674624936,1356.886153380794,1362.2663870746464,1366.7598838208958,5.38023369385246,9.873730440101781
298,2.5503769537692826,3.320423669744351,1359.4365303345633,1366.7598838208958,1370.08030749064,7.323353486332508,10.643777156076794
299,2.046596153330425,2.241594114726926,1361.4831264878937,1370.08030749064,1372.321901605367,8.59718100274631,10.838775117473233
300,4.737625636364125,2.1509515573550906,1366.2207521242578,1372.321901605367,1374.472853162722,6.1011494811091325,8.252101038464161
301,5.568598768002073,3.3722423007597513,1371.78935089226,1374.472853162722,1377.8450954634818,2.683502270461986,6.055744571221794
302,3.693582428596406,2.20569386304628,1375.4829333208563,1377.8450954634818,1380.050789326528,2.3621621426254933,4.567856005671729
303,3.703809518897847,1.3461509376232519,1379.186742839754,1380.050789326528,1381.3969402641512,0.8640464867739865,2.2101974243971654
304,4.470893806496855,2.7603280758575273,1383.657636646251,1383.657636646251,1386.4179647221085,0.0,2.7603280758576147
305,5.225896854308409,3.7163701076222173,1388.8835335005592,1388.8835335005592,1392.5999036081814,0.0,3.716370107622197
306,6.3460522763225935,1.461034078874945,1395.2295857768818,1395.2295857768818,1396.6906198557567,0.0,1.4610340788749454
307,6.498852503651721,1.147673767141705,1401.7284382805335,1401.7284382805335,1402.8761120476752,0.0,1.1476737671416686
308,7.690332251226999,3.8479821708553636,1409.4187705317604,1409.4187705317604,1413.2667527026158,0.0,3.8479821708554027
309,7.906049316665401,3.660486583740039,1417.3248198484257,1417.3248198484257,1420.9853064321658,0.0,3.6604865837400666
310,4.2157650367708,1.042506009096312,1421.5405848851965,1421.5405848851965,1422.5830908942928,0.0,1.0425060090963143
311,4.874548197775163,1.1075745054131598,1426.4151330829716,1426.4151330829716,1427.5227075883847,0.0,1.1075745054131403
312,3.6924035275165714,1.386662813779809,1430.107536610488,1430.107536610488,1431.494199424268,0.0,1.3866628137798216
313,4.3445038157289835,2.70094179326726,1434.452040426217,1434.452040426217,1437.1529822194843,0.0,2.7009417932672477
314,2.0709732971445174,5.47343084612325,1436.5230137233616,1437.1529822194843,1442.6264130656075,0.6299684961227285,6.103399342245893
315,3.701634348464502,2.43407045396423,1440.224648071826,1442.6264130656075,1445.0604835195718,2.4017649937813985,4.835835447745694
316,5.584525170190002,2.488461524931268,1445.8091732420162,1445.8091732420162,1448.2976347669476,0.0,2.488461524931381
317,6.936375888544706,1.8762609973669293,1452.745549130561,1452.745549130561,1454.6218101279278,0.0,1.8762609973668987
318,4.0139743828000425,2.1574996065167036,1456.759523513361,1456.759523513361,1458.9170231198777,0.0,2.1574996065166943
319,5.064829748370374,4.413778730615656,1461.8243532617314,1461.8243532617314,1466.238131992347,0.0,4.413778730615604
320,7.554816930588408,1.1546020150613292,1469.3791701923199,1469.3791701923199,1470.5337722073812,0.0,1.1546020150613003
321,3.797283587793006,5.161981204035463,1473.176453780113,1473.176453780113,1478.3384349841485,0.0,5.1619812040355555
322,4.899773414242903,5.288727562163484,1478.0762271943559,1478.3384349841485,1483.627162546312,0.2622077897926829,5.550935351956241
323,3.562154310317636,1.694457091521679,1481.6383815046736,1483.627162546312,1485.3216196378337,1.9887810416385037,3.6832381331601027
324,7.223907748908747,3.3007635884310784,1488.8622892535823,1488.8622892535823,1492.1630528420133,0.0,3.300763588430982
325,5.563619273508123,3.005068696947394,1494.4259085270903,1494.4259085270903,1497.4309772240376,0.0,3.005068696947319
326,3.8929066736873668,2.047868678645515,1498.3188152007776,1498.3188152007776,1500.3666838794231,0.0,2.0478686786455
327,1.4373977055154306,1.360360616449129,1499.756212906293,1500.3666838794231,1501.7270444958722,0.6104709731300773,1.9708315895791202
328,3.683924849444289,5.847540775075026,1503.4401377557374,1503.4401377557374,1509.2876785308124,0.0,5.847540775075004
329,7.8658722531335545,5.11458167070184,1511.306010008871,1511.306010008871,1516.420591679573,0.0,5.114581670701909
330,5.549808633822556,5.95739002069102,1516.8558186426935,1516.8558186426935,1522.8132086633846,0.0,5.957390020691037
331,7.6400692577193725,3.3879056023412493,1524.495887900413,1524.495887900413,1527.8837935027543,0.0,3.387905602341334
332,6.853237666979999,4.351561401170503,1531.349125567393,1531.349125567393,1535.7006869685636,0.0,4.351561401170557
333,3.863152234139035,3.2767418149604897,1535.212277801532,1535.7006869685636,1538.9774287835241,0.4884091670314774,3.7651509819920648
334,5.726643533086582,3.345570407186959,1540.9389213346187,1540.9389213346187,1544.2844917418056,0.0,3.3455704071868695
335,2.571761753628662,3.648055191131757,1543.5106830882473,1544.2844917418056,1547.9325469329374,0.7738086535582624,4.421863844690051
336,4.674753314574618,3.929955016262687,1548.185436402822,1548.185436402822,1552.1153914190847,0.0,3.9299550162627384
337,6.570401851951709,2.958888651830926,1554.7558382547736,1554.7558382547736,1557.7147269066045,0.0,2.9588886518308755
338,7.931463089716886,5.058263473186613,1562.6873013444906,1562.6873013444906,1567.7455648176772,0.0,5.058263473186571
339,5.3933419216163365,5.766717802292629,1568.080643266107,1568.080643266107,1573.8473610683996,0.0,5.766717802292533
340,6.815229554873943,4.13852506330117,1574.895872820981,1574.895872820981,1579.034397884282,0.0,4.138525063301131
341,2.436011577829494,2.231703477060993,1577.3318843988104,1579.034397884282,1581.266101361343,1.702513485471627,3.9342169625326733
342,3.825876892450357,1.5345285274890266,1581.1577612912608,1581.266101361343,1582.8006298888322,0.10834007008224944,1.6428685975713506
343,4.474985615161854,3.0783256797061522,1585.6327469064227,1585.6327469064227,1588.7110725861287,0.0,3.0783256797060403
344,7.278791703126481,2.0885476210260014,1592.911538609549,1592.911538609549,1595.000086230575,0.0,2.0885476210260094
345,7.525988068908229,2.983597117306728,1600.4375266784573,1600.4375266784573,1603.421123795764,0.0,2.983597117306772
346,5.046031344391821,1.4410826425838628,1605.4835580228491,1605.4835580228491,1606.924640665433,0.0,1.4410826425837513
347,3.501449385776042,3.315850575207201,1608.9850074086253,1608.9850074086253,1612.3008579838324,0.0,3.3158505752071505
348,1.2317789835866257,3.894252153709169,1610.2167863922118,1612.3008579838324,1616.1951101375416,2.0840715916206136,5.978323745329817
349,5.029391122168132,2.0502583167174437,1615.24617751438,1616.1951101375416,1618.245368454259,0.9489326231616815,2.9991909398790995
350,5.899986682913326,2.6889808251969307,1621.1461641972933,1621.1461641972933,1623.8351450224902,0.0,2.68898082519695
351,6.252485246645998,5.185029307826097,1627.3986494439393,1627.3986494439393,1632.5836787517655,0.0,5.185029307826198
352,2.1065972274807656,3.251262108633092,1629.50524667142,1632.5836787517655,1635.8349408603985,3.078432080345465,6.329694188978465
353,6.184160758776263,5.904717655173195,1635.6894074301963,1635.8349408603985,1641.7396585155718,0.1455334302022493,6.050251085375521
354,3.4776234547686022,3.6496586189440214,1639.1670308849648,1641.7396585155718,1645.3893171345157,2.5726276306070304,6.222286249550962
355,6.124621341810131,4.89263614811321,1645.2916522267749,1645.3893171345157,1650.281953282629,0.09766490774086378,4.990301055854161
356,6.622108800439873,5.135618860869426,1651.9137610272148,1651.9137610272148,1657.0493798880843,0.0,5.135618860869499
357,6.3115985172472655,2.363151711660187,1658.2253595444622,1658.2253595444622,1660.5885112561225,0.0,2.3631517116602936
358,5.039214214119222,4.799786052816533,1663.2645737585815,1663.2645737585815,1668.064359811398,0.0,4.799786052816444
359,2.0182821664899406,2.7339378554143616,1665.2828559250715,1668.064359811398,1670.7982976668122,2.781503886326391,5.515441741740688
360,1.6657226966241188,1.5250710130202074,1666.9485786216956,1670.7982976668122,1672.3233686798324,3.8497190451166716,5.374790058136796
361,7.762407918260487,1.0824472733181714,1674.7109865399561,1674.7109865399561,1675.7934338132743,0.0,1.0824472733181665
362,7.568400098046829,1.1190985768397006,1682.279386638003,1682.279386638003,1683.3984852148426,0.0,1.119098576839633
363,4.340590433710895,3.944102493575179,1686.619977071714,1686.619977071714,1690.5640795652891,0.0,3.944102493575201
364,2.6779437511906483,3.445671723206062,1689.2979208229046,1690.5640795652891,1694.0097512884952,1.2661587423845049,4.711830465590538
365,4.570388491260392,4.522658181327126,1693.8683093141651,1694.0097512884952,1698.5324094698224,0.1414419743300641,4.664100155657252
366,7.140024328457267,2.468930792344362,1701.0083336426223,1701.0083336426223,1703.4772644349666,0.0,2.468930792344281
367,1.1231830663460207,3.9666154790645805,1702.1315167089683,1703.4772644349666,1707.4438799140312,1.345747725998308,5.312363205062866
368,2.749586930019131,3.33056584899084,1704.8811036389875,1707.4438799140312,1710.774445763022,2.5627762750436887,5.8933421240344614
369,5.298227452480425,4.7461734339107124,1710.179331091468,1710.774445763022,1715.5206191969328,0.595114671554029,5.341288105464855
370,5.993416506077411,4.2493589322520915,1716.1727475975454,1716.1727475975454,1720.4221065297975,0.0,4.2493589322521075
371,7.971928060626983,2.83380923316526,1724.1446756581724,1724.1446756581724,1726.9784848913378,0.0,2.8338092331653115
372,2.065599626933613,5.321541100051762,1726.210275285106,1726.9784848913378,1732.3000259913895,0.7682096062317214,6.089750706283439
373,2.689765901016718,5.443328459648987,1728.9000411861227,1732.3000259913895,1737.7433544510384,3.3999848052667403,8.84331326491565
374,3.6036033559243568,3.4624287576932224,1732.5036445420471,1737.7433544510384,1741.2057832087316,5.2397099089912444,8.702138666684505
375,4.302967216361485,5.980273309407969,1736.8066117584087,1741.2057832087316,1747.1860565181396,4.3991714503229105,10.379444759730859
376,7.996396071542544,4.67954067460318,1744.8030078299512,1747.1860565181396,1751.8655971927428,2.38304868818841,7.062589362791641
377,3.1078962998929494,5.687426300443651,1747.910904129844,1751.8655971927428,1757.5530234931864,3.954693062898741,9.642119363342317
378,4.3289909674524925,2.0577424948385374,1752.2398950972965,1757.5530234931864,1759.610765988025,5.313128395889862,7.3708708907283835
379,1.9258339761458627,3.3084322192552253,1754.1657290734424,1759.610765988025,1762.9191982072803,5.445036914582488,8.753469133837825
380,1.0168544620395559,5.040203503083724,1755.182583535482,1762.9191982072803,1767.959401710364,7.736614671798179,12.77681817488201
381,4.626415928415268,3.9126927572998813,1759.8089994638974,1767.959401710364,1771.872094467664,8.150402246466683,12.063095003766648
382,2.2578437612578792,5.159410619357276,1762.0668432251553,1771.872094467664,1777.0315050870213,9.805251242508803,14.964661861866034
383,7.882798711152877,2.70204329680524,1769.9496419363081,1777.0315050870213,1779.7335483838265,7.081863150713161,9.783906447518348
384,1.5362070521017759,3.158155650258396,1771.48584898841,1779.7335483838265,1782.8917040340848,8.247699395416475,11.405855045674798
385,4.583228146354868,5.553179387098184,1776.069077134765,1782.8917040340848,1788.444883421183,6.822626899319857,12.375806286418083
386,4.475797779217832,2.3930671521193356,1780.5448749139828,1788.444883421183,1790.8379505733024,7.900008507200255,10.293075659319584
387,3.595376124840141,2.974580987635199,1784.140251038823,1790.8379505733024,1793.8125315609375,6.697699534479398,9.672280522114534
388,3.738558139842943,5.307998364476553,1787.878809178666,1793.8125315609375,1799.120529925414,5.933722382271526,11.241720746748115
389,3.317122539075149,5.39519746175673,1791.1959317177411,1799.120529925414,1804.5157273871707,7.924598207672943,13.319795669429595
390,3.562757854029379,4.408854367110166,1794.7586895717704,1804.5157273871707,1808.924581754281,9.757037815400281,14.16589218251056
391,1.2540232739751724,4.994302392187787,1796.0127128457457,1808.924581754281,1813.9188841464688,12.911868908535325,17.906171300723145
392,1.610667397087254,3.663228442290296,1797.623380242833,1813.9188841464688,1817.5821125887592,16.29550390363579,19.958732345926137
393,3.245154816454266,1.0898311381152266,1800.8685350592873,1817.5821125887592,1818.6719437268744,16.713577529471877,17.803408667587064
394,2.843392687190536,2.1879135317890483,1803.7119277464778,1818.6719437268744,1820.8598572586634,14.96001598039652,17.147929512185556
395,3.2818361292681297,1.2519373271688596,1806.993763875746,1820.8598572586634,1822.1117945858323,13.86609338291737,15.11803071008626
396,2.37158779172658,3.5443900180549175,1809.3653516674726,1822.1117945858323,1825.6561846038871,12.746442918359662,16.290832936414517
397,4.645359365230788,5.311257201312254,1814.0107110327035,1825.6561846038871,1830.9674418051993,11.64547357118363,16.956730772495803
398,5.987998816279923,4.90831821775523,1819.9987098489835,1830.9674418051993,1835.8757600229546,10.968731956215834,15.877050173971156
399,1.977008152364074,1.0232766323244782,1821.9757180013476,1835.8757600229546,1836.8990366552791,13.900042021607078,14.923318653931574
400,3.7994303000928835,5.4196840415392735,1825.7751483014404,1836.8990366552791,1842.3187206968184,11.123888353838765,16.543572395378078
401,2.930529731768531,2.7379350553898143,1828.7056780332089,1842.3187206968184,1845.0566557522084,13.613042663609576,16.350977718999502
402,1.4369881606318167,4.485283317052071,1830.1426661938408,1845.0566557522084,1849.5419390692605,14.913989558367575,19.399272875419683
403,5.116580778095914,5.28766052840912,1835.2592469719368,1849.5419390692605,1854.8295995976696,14.282692097323661,19.570352625732767
404,7.799784144111068,1.9329076077299625,1843.059031116048,1854.8295995976696,1856.7625072053995,11.770568481621694,13.703476089351625
405,4.4813307585231765,4.589955764757896,1847.540361874571,1856.7625072053995,1861.3524629701574,9.222145330828425,13.812101095586286
406,6.260803869164661,5.836402800518298,1853.8011657437357,1861.3524629701574,1867.1888657706756,7.551297226421639,13.38770002693991
407,7.658464403657138,4.753028728268895,1861.4596301473928,1867.1888657706756,1871.9418944989445,5.729235623282875,10.482264351551748
408,4.709736654268229,5.891068840448763,1866.169366801661,1871.9418944989445,1877.8329633393932,5.772527697283522,11.663596537732246
409,4.093379407893195,5.512851342496659,1870.2627462095543,1877.8329633393932,1883.3458146818898,7.570217129838966,13.083068472335526
410,7.639052090429635,3.640590006120129,1877.901798299984,1883.3458146818898,1886.98640468801,5.44401638190584,9.084606388026032
411,5.70778283252007,5.001024206128531,1883.609581132504,1886.98640468801,1891.9874288941385,3.3768235555060073,8.377847761634484
412,6.085021609434029,5.961636672332772,1889.694602741938,1891.9874288941385,1897.9490655664713,2.292826152200405,8.25446282453322
413,7.069617299472179,3.9305076791813187,1896.7642200414102,1897.9490655664713,1901.8795732456526,1.184845525061064,5.11535320424241
414,5.86159529869367,2.936331547255415,1902.6258153401038,1902.6258153401038,1905.5621468873592,0.0,2.9363315472553495
415,1.1585446898640137,4.102829757566212,1903.7843600299677,1905.5621468873592,1909.6649766449254,1.7777868573914475,5.880616614957717
416,5.595868147635355,2.5589370739808577,1909.3802281776032,1909.6649766449254,1912.2239137189063,0.284748467322288,2.8436855413031026
417,5.9905730564171815,3.7697910571480544,1915.3708012340203,1915.3708012340203,1919.1405922911683,0.0,3.7697910571480406
418,7.7147119694114705,5.47445076188812,1923.0855132034317,1923.0855132034317,1928.5599639653199,0.0,5.474450761888193
419,3.8522477792068326,1.3940354122593863,1926.9377609826386,1928.5599639653199,1929.9539993775793,1.6222029826813014,3.0162383949407285
420,6.72033878968557,4.733419611758395,1933.658099772324,1933.658099772324,1938.3915193840824,0.0,4.733419611758336
421,4.617250421077884,3.716230257340295,1938.275350193402,1938.3915193840824,1942.1077496414227,0.11616919068046627,3.832399448020851
422,3.5985835928017527,3.622074000903974,1941.8739337862037,1942.1077496414227,1945.7298236423267,0.23381585521906345,3.8558898561229853
423,5.733399371536729,3.327304644353985,1947.6073331577404,1947.6073331577404,1950.9346378020944,0.0,3.3273046443539442
424,5.903242908795368,4.190354754209714,1953.5105760665358,1953.5105760665358,1957.7009308207455,0.0,4.190354754209693
425,4.396729119482878,1.3333045248294346,1957.9073051860187,1957.9073051860187,1959.240609710848,0.0,1.333304524829373
426,1.3635882835903543,2.065005606050918,1959.270893469609,1959.270893469609,1961.3358990756599,0.0,2.0650056060508177
427,2.4718462014804032,3.5610902188485785,1961.7427396710896,1961.7427396710896,1965.3038298899382,0.0,3.561090218848676
428,7.032399693827845,4.96660062127955,1968.7751393649173,1968.7751393649173,1973.7417399861968,0.0,4.96660062127944
429,5.43398770584279,4.667463682930898,1974.2091270707601,1974.2091270707601,1978.876590753691,0.0,4.667463682930929
430,2.7076387924444663,4.654918270347032,1976.9167658632045,1978.876590753691,1983.531509024038,1.9598248904865159,6.614743160833541
431,4.5868122352852385,1.9398913001689402,1981.5035780984897,1983.531509024038,1985.471400324207,2.0279309255483895,3.9678222257173275
432,7.670626620554242,3.5326380244273445,1989.174204719044,1989.174204719044,1992.7068427434713,0.0,3.5326380244273423
433,1.3009617462786585,1.2930057434840083,1990.4751664653227,1992.7068427434713,1993.9998484869552,2.2316762781485977,3.524682021632543
434,6.269883112514954,4.141712937814836,1996.7450495778376,1996.7450495778376,2000.8867625156524,0.0,4.141712937814873
435,7.348642387253284,3.7748021380381886,2004.0936919650908,2004.0936919650908,2007.868494103129,0.0,3.7748021380382397
436,2.4474034626546364,3.7074816494609113,2006.5410954277454,2007.868494103129,2011.57597575259,1.3273986753836198,5.0348803248446075
437,5.72254607777794,1.4489933629671623,2012.2636415055233,2012.2636415055233,2013.7126348684906,0.0,1.4489933629672578
438,1.8444717881479,2.256459510743852,2014.1081132936713,2014.1081132936713,2016.364572804415,0.0,2.2564595107437526
439,3.2591681919862365,4.200802610691391,2017.3672814856575,2017.3672814856575,2021.568084096349,0.0,4.200802610691426
440,6.554199974113356,2.885213119249904,2023.9214814597708,2023.9214814597708,2026.8066945790208,0.0,2.885213119250011
441,4.294649079693477,1.9197064108203068,2028.2161305394643,2028.2161305394643,2030.1358369502846,0.0,1.919706410820254
442,2.5161406226791208,5.180028180913716,2030.7322711621434,2030.7322711621434,2035.9122993430572,0.0,5.180028180913723
443,1.6697964738120827,1.745984147640388,2032.4020676359555,2035.9122993430572,2037.6582834906976,3.5102317071016387,5.256215854742095
444,3.767031685542725,4.826934683615841,2036.1690993214982,2037.6582834906976,2042.4852181743136,1.4891841691994614,6.316118852815407
445,2.2723014426621444,1.0620751888985631,2038.4414007641603,2042.4852181743136,2043.547293363212,4.043817410153224,5.1058925990516855
446,4.473278311012509,1.9482836814974567,2042.914679075173,2043.547293363212,2045.4955770447095,0.6326142880391217,2.580897969536636
447,3.787223948210454,1.6391284858582553,2046.7019030233835,2046.7019030233835,2048.341031509242,0.0,1.639128485858464
448,1.6608694626976543,3.587785554679752,2048.362772486081,2048.362772486081,2051.950558040761,0.0,3.5877855546796127
449,7.572842410948016,1.259520739298077,2055.935614897029,2055.935614897029,2057.1951356363274,0.0,1.2595207392982957
450,3.9766953794264914,2.983470197349112,2059.9123102764556,2059.9123102764556,2062.8957804738047,0.0,2.9834701973491065
451,4.930938829414806,3.520216507591887,2064.8432491058707,2064.8432491058707,2068.3634656134627,0.0,3.5202165075920675
452,6.915497357825036,1.6290822210400682,2071.758746463696,2071.758746463696,2073.3878286847357,0.0,1.62908222103988
453,2.0226632438144563,2.1899034995737163,2073.78140970751,2073.78140970751,2075.9713132070838,0.0,2.1899034995735747
454,6.725588362649172,4.276782841729133,2080.506998070159,2080.506998070159,2084.7837809118882,0.0,4.276782841729073
455,4.02237764369106,1.502648526109168,2084.52937571385,2084.7837809118882,2086.2864294379974,0.2544051980380573,1.7570537241472266
456,5.893551416275118,4.985946875537546,2090.422927130125,2090.422927130125,2095.4088740056627,0.0,4.985946875537593
457,7.192645647231322,2.7651303474026676,2097.6155727773566,2097.6155727773566,2100.3807031247593,0.0,2.7651303474026463
458,1.8457880804635167,4.071392013909187,2099.46136085782,2100.3807031247593,2104.4520951386685,0.9193422669391111,4.990734280848301
459,2.5614329623165855,5.629651702840066,2102.022793820137,2104.4520951386685,2110.0817468415084,2.429301318531543,8.058953021371508
460,4.760507161505455,4.998897358511632,2106.7833009816422,2110.0817468415084,2115.0806442000203,3.298445859866206,8.297343218378046
461,7.242961512315096,3.6441450206640926,2114.0262624939573,2115.0806442000203,2118.724789220684,1.0543817060629408,4.698526726726868
462,1.8325628102374956,5.010561483525575,2115.858825304195,2118.724789220684,2123.73535070421,2.8659639164893633,7.876525400014998
463,2.289439443652046,4.062394892991236,2118.148264747847,2123.73535070421,2127.797745597201,5.587085956362898,9.64948084935395
464,2.8155970561222654,1.0169649957135332,2120.9638618039694,2127.797745597201,2128.8147105929143,6.833883793231507,7.850848788944859
465,1.854887115063132,2.6586390436083076,2122.8187489190327,2128.8147105929143,2131.4733496365225,5.9959616738815384,8.654600717489757
466,7.100306379920197,3.9615360092071374,2129.919055298953,2131.4733496365225,2135.4348856457295,1.554294337569445,5.515830346776511
467,1.5498523250755456,4.390847120430716,2131.4689076240284,2135.4348856457295,2139.8257327661604,3.9659780217011757,8.356825142132038
468,5.497289258209153,5.681488076620859,2136.9661968822375,2139.8257327661604,2145.5072208427814,2.8595358839229448,8.541023960543953
469,5.341708373013018,5.893172174988547,2142.3079052552503,2145.5072208427814,2151.40039301777,3.199315587531146,9.092487762519795
470,2.139338013334506,4.094984224711685,2144.4472432685848,2151.40039301777,2155.495377242482,6.953149749185286,11.048133973897166
471,7.0416070758261196,1.5388952786473427,2151.488850344411,2155.495377242482,2157.0342725211294,4.006526898071115,5.545422176718603
472,3.171049253762594,1.1072398032395934,2154.6598995981735,2157.0342725211294,2158.141512324369,2.3743729229558994,3.4816127261956353
473,2.1356918296902316,2.615930180523113,2156.7955914278637,2158.141512324369,2160.7574425048924,1.345920896505504,3.9618510770287685
474,7.9676315380871525,2.041965516446342,2164.7632229659507,2164.7632229659507,2166.805188482397,0.0,2.041965516446453
475,4.573700184978206,1.0016851634297481,2169.336923150929,2169.336923150929,2170.3386083143587,0.0,1.0016851634295563
476,4.576653752474471,4.259417069665462,2173.9135769034037,2173.9135769034037,2178.1729939730694,0.0,4.2594170696656874
477,6.326656732203503,4.450896871925659,2180.240233635607,2180.240233635607,2184.6911305075328,0.0,4.450896871925579
478,6.2452196618206095,1.0546542950392177,2186.4854532974277,2186.4854532974277,2187.540107592467,0.0,1.0546542950391995
479,6.8468426215018,3.6149091463886482,2193.3322959189295,2193.3322959189295,2196.947205065318,0.0,3.614909146388527
480,4.1603128360914345,4.676490969135964,2197.492608755021,2197.492608755021,2202.169099724157,0.0,4.676490969136012
481,2.5244245030332557,4.7157250822633285,2200.017033258054,2202.169099724157,2206.8848248064205,2.1520664661029514,6.867791548366313
482,6.595038661066199,1.0683269560733046,2206.6120719191204,2206.8848248064205,2207.9531517624937,0.27275288730015745,1.3410798433733362
483,4.3339551552983755,1.4147149160232488,2210.946027074419,2210.946027074419,2212.360741990442,0.0,1.4147149160230583
484,7.750742996184169,4.021860597573976,2218.696770070603,2218.696770070603,2222.718630668177,0.0,4.021860597573777
485,5.52047379823584,1.349456520693694,2224.217243868839,2224.217243868839,2225.566700389533,0.0,1.3494565206938205
486,4.153537906402249,4.244784133874688,2228.370781775241,2228.370781775241,2232.615565909116,0.0,4.244784133874873
487,4.267028551058399,5.298551377653784,2232.6378103262996,2232.6378103262996,2237.9363617039535,0.0,5.298551377653894
488,1.5272683901335697,5.784854733840265,2234.165078716433,2237.9363617039535,2243.721216437794,3.771282987520408,9.556137721360756
489,5.641728410128151,5.417866321794399,2239.806807126561,2243.721216437794,2249.1390827595883,3.9144093112327027,9.332275633027166
490,4.716848823005735,4.9823123080829905,2244.523655949567,2249.1390827595883,2254.121395067671,4.61542681002129,9.597739118104073
491,3.560638845177252,5.503147701878451,2248.0842947947444,2254.121395067671,2259.6245427695494,6.0371002729266365,11.54024797480497
492,7.8834837402055395,5.117049982342959,2255.96777853495,2259.6245427695494,2264.7415927518923,3.65676423459945,8.773814216942355
493,6.191668509122775,1.2068203418019943,2262.1594470440727,2264.7415927518923,2265.9484130936944,2.5821457078195635,3.7889660496216493
494,1.3895299830700054,3.5652706320516216,2263.548977027143,2265.9484130936944,2269.513683725746,2.399436066551516,5.964706698603095
495,2.280694275300912,4.806145216728103,2265.829671302444,2269.513683725746,2274.319828942474,3.6840124233021925,8.490157640030247
496,7.269885891612083,5.918158096104156,2273.0995571940557,2274.319828942474,2280.237987038578,1.2202717484183268,7.138429844522307
497,3.9561177384556556,1.0847556626809358,2277.0556749325115,2280.237987038578,2281.322742701259,3.182312106066547,4.267067768747438
498,3.726019544552548,1.0092409707022183,2280.781694477064,2281.322742701259,2282.331983671961,0.5410482241950376,1.550289194897232
499,5.2194955633054185,3.082577740050638,2286.0011900403692,2286.0011900403692,2289.0837677804197,0.0,3.0825777400505103
500,7.3017291879805315,5.154306718135806,2293.3029192283498,2293.3029192283498,2298.457225946486,0.0,5.154306718136013
